[
  {
    "State":"AL",
    "Graduation":0.37,
    "debt":"0.53",
    "Avedebt":"26450",
    "Rank":"12"
  },
  {
    "State":"AK",
    "Graduation":0.4,
    "debt":"0.49",
    "Avedebt":"28782",
    "Rank":"13"
  },
  {
    "State":"AZ",
    "Graduation":0.35,
    "debt":"0.54",
    "Avedebt":"20299",
    "Rank":"45"
  },
  {
    "State":"AR",
    "Graduation":0.38,
    "debt":"0.55",
    "Avedebt":"23327",
    "Rank":"31"
  },
  {
    "State":"CA",
    "Graduation":0.51,
    "debt":"0.52",
    "Avedebt":"20270",
    "Rank":"49"
  },
  {
    "State":"CO",
    "Graduation":0.49,
    "debt":"0.52",
    "Avedebt":"24540",
    "Rank":"36"
  },
  {
    "State":"CT",
    "Graduation":0.55,
    "debt":"0.61",
    "Avedebt":"27816",
    "Rank":"6"
  },
  {
    "State":"DE",
    "Graduation":0.51,
    "debt":"0.56",
    "Avedebt":"32571",
    "Rank":"2"
  },
  {
    "State":"DC",
    "Graduation":0.72,
    "debt":"0.56",
    "Avedebt":"22106",
    "Rank":"47"
  },
  {
    "State":"FL",
    "Graduation":0.54,
    "debt":"0.51",
    "Avedebt":"22873",
    "Rank":"40"
  },
  {
    "State":"GA",
    "Graduation":0.43,
    "debt":"0.59",
    "Avedebt":"23115",
    "Rank":"37"
  },
  {
    "State":"HI",
    "Graduation":0.36,
    "debt":"N/A",
    "Avedebt":"N/A",
    "Rank":"43"
  },
  {
    "State":"ID",
    "Graduation":0.44,
    "debt":"0.65",
    "Avedebt":"26751",
    "Rank":"23"
  },
  {
    "State":"IL",
    "Graduation":0.5,
    "debt":"0.64",
    "Avedebt":"28034",
    "Rank":"15"
  },
  {
    "State":"IN",
    "Graduation":0.48,
    "debt":"0.64",
    "Avedebt":"27886",
    "Rank":"16"
  },
  {
    "State":"IA",
    "Graduation":0.52,
    "debt":"0.71",
    "Avedebt":"29456",
    "Rank":"9"
  },
  {
    "State":"KS",
    "Graduation":0.45,
    "debt":"0.59",
    "Avedebt":"23677",
    "Rank":"27"
  },
  {
    "State":"KY",
    "Graduation":0.42,
    "debt":"0.62",
    "Avedebt":"23785",
    "Rank":"34"
  },
  {
    "State":"LA",
    "Graduation":0.42,
    "debt":"0.48",
    "Avedebt":"22789",
    "Rank":"41"
  },
  {
    "State":"ME",
    "Graduation":0.51,
    "debt":"0.67",
    "Avedebt":"29290",
    "Rank":"7"
  },
  {
    "State":"MD",
    "Graduation":0.48,
    "debt":"0.58",
    "Avedebt":"25951",
    "Rank":"26"
  },
  {
    "State":"MA",
    "Graduation":0.58,
    "debt":"0.66",
    "Avedebt":"28460",
    "Rank":"14"
  },
  {
    "State":"MI",
    "Graduation":0.47,
    "debt":"0.62",
    "Avedebt":"28742",
    "Rank":"8"
  },
  {
    "State":"MN",
    "Graduation":0.49,
    "debt":"0.7",
    "Avedebt":"31497",
    "Rank":"5"
  },
  {
    "State":"MS",
    "Graduation":0.36,
    "debt":"0.57",
    "Avedebt":"27322",
    "Rank":"19"
  },
  {
    "State":"MO",
    "Graduation":0.47,
    "debt":"0.63",
    "Avedebt":"23030",
    "Rank":"33"
  },
  {
    "State":"MT",
    "Graduation":0.47,
    "debt":"0.64",
    "Avedebt":"27475",
    "Rank":"20"
  },
  {
    "State":"NE",
    "Graduation":0.5,
    "debt":"0.63",
    "Avedebt":"26473",
    "Rank":"24"
  },
  {
    "State":"NV",
    "Graduation":0.45,
    "debt":"0.41",
    "Avedebt":"20568",
    "Rank":"48"
  },
  {
    "State":"NH",
    "Graduation":0.58,
    "debt":"0.74",
    "Avedebt":"32698",
    "Rank":"1"
  },
  {
    "State":"NJ",
    "Graduation":0.46,
    "debt":"0.65",
    "Avedebt":"29287",
    "Rank":"18"
  },
  {
    "State":"NM",
    "Graduation":0.34,
    "debt":"0.61",
    "Avedebt":"17994",
    "Rank":"50"
  },
  {
    "State":"NY",
    "Graduation":0.49,
    "debt":"0.6",
    "Avedebt":"25686",
    "Rank":"25"
  },
  {
    "State":"NC",
    "Graduation":0.47,
    "debt":"0.59",
    "Avedebt":"23891",
    "Rank":"39"
  },
  {
    "State":"ND",
    "Graduation":0.49,
    "debt":"N/A",
    "Avedebt":"N/A",
    "Rank":"*"
  },
  {
    "State":"OH",
    "Graduation":0.51,
    "debt":"0.69",
    "Avedebt":"29037",
    "Rank":"11"
  },
  {
    "State":"OK",
    "Graduation":0.45,
    "debt":"0.53",
    "Avedebt":"23636",
    "Rank":"46"
  },
  {
    "State":"OR",
    "Graduation":0.45,
    "debt":"0.6",
    "Avedebt":"26639",
    "Rank":"30"
  },
  {
    "State":"PA",
    "Graduation":0.58,
    "debt":"0.71",
    "Avedebt":"31677",
    "Rank":"3"
  },
  {
    "State":"RI",
    "Graduation":0.58,
    "debt":"0.69",
    "Avedebt":"30483",
    "Rank":"4"
  },
  {
    "State":"SC",
    "Graduation":0.41,
    "debt":"0.55",
    "Avedebt":"27416",
    "Rank":"10"
  },
  {
    "State":"SD",
    "Graduation":0.49,
    "debt":"0.78",
    "Avedebt":"25121",
    "Rank":"29"
  },
  {
    "State":"TN",
    "Graduation":0.47,
    "debt":"0.58",
    "Avedebt":"21775",
    "Rank":"35"
  },
  {
    "State":"TX",
    "Graduation":0.44,
    "debt":"0.56",
    "Avedebt":"23933",
    "Rank":"32"
  },
  {
    "State":"UT",
    "Graduation":0.47,
    "debt":"0.5",
    "Avedebt":"21520",
    "Rank":"44"
  },
  {
    "State":"VT",
    "Graduation":0.62,
    "debt":"0.63",
    "Avedebt":"28299",
    "Rank":"22"
  },
  {
    "State":"VA",
    "Graduation":0.51,
    "debt":"0.6",
    "Avedebt":"25017",
    "Rank":"28"
  },
  {
    "State":"WA",
    "Graduation":0.55,
    "debt":"0.56",
    "Avedebt":"23293",
    "Rank":"38"
  },
  {
    "State":"WV",
    "Graduation":0.44,
    "debt":"0.54",
    "Avedebt":"26227",
    "Rank":"21"
  },
  {
    "State":"WI",
    "Graduation":0.52,
    "debt":"0.68",
    "Avedebt":"28041",
    "Rank":"17"
  },
  {
    "State":"WY",
    "Graduation":0.5,
    "debt":"0.47",
    "Avedebt":"21241",
    "Rank":"42"
  }
]